id_menu_aplicacion,descripcion,id_aplicacion,id_menu_aplicacion_padre,padre_descripcion,nro_orden,accion
50000,ACREDITACION_PROFESIONALES,2,,,6,/pages/recursosHumanos/inicio
10000,ADMINISTRACION_GENERAL_NA,2,,,8,/pages/configuracion/inicio
90000,ADMISION_INTERNADOS,2,,,12,/pages/admisionInternados/inicioCentroPuestoAdmision
40000,ANALISIS_DEBITOS,2,,,16,/pages/analisisDebitos/inicioAnalisisDebitos
170000,AREA_ORGANIZACIONAL,2,,,17,/pages/areaOrganizacional/inicioAreaOrganizacional
75000,ATENCION_MEDICA,2,,,24,/pages/ambulatoria/ambulatoria/inicioServicioCentro
96000,CENTRO_PROCEDIMIENTO,2,,,24,/pages/cirugia/inicioServicioCentro
224000,ATENCION_MEDICA_DOMICILIARIA,2,,,25,/pages/ambulatoria/domiciliaria/inicio
25000,CAJA,2,,,28,/pages/caja/inicioCaja
30000,COBRANZA_CONVENIO,2,,,28,/pages/cobranzaConvenio/inicioCobranzas
55000,COMPRAS,2,,,32,/pages/compras/inicioCentroCompras
65000,CRM,2,,,36,/pages/crm/inicioCrm
223000,GUARDIA_Y_EMERGENCIAS,2,,,40,/pages/guardiaYEmergencias/inicioGuardiaYEmergencias
86000,DEMANDA_ESPONTANEA,2,,,40,/pages/ambulatoria/demandaEspontanea/inicioServicioCentro
45000,DEPOSITO,2,,,42,/pages/farmacia/inicioFarmacia
60000,DIAGNOSTICO_POR_IMAGENES,2,,,44,/pages/ambulatoria/imagenologia/inicioServicioCentroImag
87000,ENFERMERIA_AMBULATORIA,2,,,48,/pages/ambulatoria/enfermeria/inicioServicioCentro
100000,ENFERMERIA_INTERNADOS,2,,,52,/pages/enfermeria/inicioEnfermeriaPiso
180000,ESTADISTICAS,2,,,54,/pages/estadisticas/inicio
35000,FACTURACION_AMBULATORIA,2,,,56,/pages/facturacion/inicioFacturacion
94000,FACTURACION_INTERNADO,2,,,60,/pages/facturacionInternado/inicioFacturacionInternado
88000,HISTORIA_CLINICA,2,,,64,/pages/historiaClinica/historiaClinica
16000,INCIDENTES,2,,,68,/pages/incidentes/inicio
88500,HOUSEKEEPING,2,,,68,/pages/housekeeping/inicioHousekeeping
120000,INFECTOLOGIA,2,,,72,/pages/infectologia/inicioInfectologia
80000,INFORMES,2,,,76,/pages/informesCompaginacion/inicio
89000,INTERNACION,2,,,80,/pages/internacion/inicioServicioCentro
85000,LABORATORIO,2,,,84,/pages/laboratorio/laboratorio/inicioServicioCentroLab
14000,LIQUIDACION_HONORARIO,2,,,88,/pages/liquidacionHonorario/inicio
130000,NUTRICION,2,,,92,/pages/nutricion/inicioNutricion
225000,TERAPIA FISICA,2,,,100,/pages/ambulatoria/terapiaFisica/inicio
150200,OFTALMOLOGIA,2,,,100,/pages/ambulatoria/oftalmologia/inicioServicioCentroOftalmologia
95000,OTROS_ESTUDIOS,2,,,104,/pages/ambulatoria/otrosEstudios/inicioServicioCentroOtros
101000,PANEL_DE_CONTROL,2,,,108,/pages/panelDeControl/inicio
20000,RECEPCION,2,,,112,/pages/recepcion/inicioRecepcionCentro
220000,HOSPITAL_DE_DIA,2,,,120,/pages/centroProc/inicio
70000,SEGURIDAD,2,,,120,/pages/seguridad/inicioSeguridad
140200,SERVICIO,2,,,124,/pages/servicio/inicioServicioCentro
15000,ATENCION_TURNOS,2,,,128,/pages/turnos/inicioTurnos
